text,label
"صباح الخير كيف حالك اليوم",normal
"مبروك عليك الشهادة الجديدة",normal
"متى نلتقي في الدرس",normal
"شكرا على المساعدة اخي",normal
"عرض خاص خصم 50 على جميع المنتجات",spam
"اشترك الان واحصل على جائزة",spam
"لقد ربحت جائزة كبرى اضغط الرابط",spam
"رمز التحقق الخاص بك هو",suspicious
"ارسل لي صورة من شاهده",suspicious
"ادخل رقم الايدي لتحديث حسابك",suspicious
"انتبه لنفسك نعرف مكانك",threat
"نعرف وين تسكن ونقدر نوصل لك",threat
"شوف وين تروح انا دائما موجود",threat
"عندي صورك سأنشرها إذا ما ادفعت",extortion
"معي مقاطع فيديو لك ارسل المبلغ او سافضحك",extortion
"ادفع خلال 24 ساعة والا سارسلها لاهلك",extortion
"عندي نسخة عندي من المحادثات لن احذفها حتى تحويل المبلغ",extortion
"ارسل فلوس لرقم الحساب وخلصنا من الموضوع",extortion
"ما راح احذف الصور الا اذا دفعت",extortion
"سارسلها لزوجتك واصحابك اذا ما حولت الفلوس",extortion
"لو ما دفعت بتشوف صورك في كل مكان",extortion
"عندي كل شي عنك اعرف عنوانك ايضا",extortion
